"sensitivity","FPR","true_down_pred_up","true_up_pred_down","DE_prop"
NA,0,0,0,"0"
1,0,0,0,"0.1"
0.833333333333333,0.0114942528735632,0,0,"0.2"
0.833333333333333,0.037037037037037,0,0,"0.3"
0.846153846153846,0.0261437908496732,0,0,"0.4"
0.803921568627451,0.049645390070922,0,0,"0.5"
0.775862068965517,0.111940298507463,0,0,"0.6"
0.828571428571429,0.00819672131147541,0,0,"0.7"
0.674698795180723,0.0642201834862385,0,0,"0.8"
0.655555555555556,0.00980392156862745,0,2,"0.9"
0.78021978021978,0,0,0,"1"
