"sensitivity","FPR","true_down_pred_up","true_up_pred_down","DE_prop"
NA,0,0,0,"0"
0.875,0,0,0,"0.1"
0.944444444444444,0.408045977011494,0,1,"0.2"
0.866666666666667,0.382716049382716,0,1,"0.3"
0.846153846153846,0.339869281045752,0,0,"0.4"
0.725490196078431,0.0709219858156028,0,0,"0.5"
0.896551724137931,0.276119402985075,0,0,"0.6"
0.842857142857143,0.245901639344262,0,3,"0.7"
0.771084337349398,0.128440366972477,0,0,"0.8"
0.822222222222222,0.0980392156862745,0,1,"0.9"
