"sensitivity","FPR","true_down_pred_up","true_up_pred_down","DE_prop"
NA,0,0,0,"0"
0.875,0,0,0,"0.1"
0.777777777777778,0,0,0,"0.2"
0.733333333333333,0.00617283950617284,0,0,"0.3"
0.769230769230769,0.0065359477124183,0,0,"0.4"
0.647058823529412,0.191489361702128,0,0,"0.5"
0.655172413793103,0.164179104477612,0,0,"0.6"
0.514285714285714,0.147540983606557,4,0,"0.7"
0.44578313253012,0.073394495412844,5,0,"0.8"
0.566666666666667,0.00980392156862745,17,0,"0.9"
