"sensitivity","FPR","true_down_pred_up","true_up_pred_down","DE_prop"
NA,0,0,0,"0"
0.625,0,0,0,"0.1"
0.444444444444444,0,0,0,"0.2"
0.6,0,0,0,"0.3"
0.692307692307692,0,0,0,"0.4"
0.352941176470588,0.312056737588652,8,0,"0.5"
0.155172413793103,0,0,0,"0.6"
0.328571428571429,0.229508196721311,11,0,"0.7"
0.397590361445783,0.155963302752294,18,0,"0.8"
0.422222222222222,0.0980392156862745,23,0,"0.9"
